drop table if exists t1;
create table t1 (i int, c char(255));
insert into t1 values (0, lpad('a', 250, 'b'));
insert into t1 select i+1,c from t1;
insert into t1 select i+2,c from t1;
insert into t1 select i+4,c from t1;
insert into t1 select i+8,c from t1;
insert into t1 select i+16,c from t1;
insert into t1 select i+32,c from t1;
insert into t1 select i+64,c from t1;
insert into t1 select i+128,c from t1;
insert into t1 select i+256,c from t1;
insert into t1 select i+512,c from t1;
insert into t1 select i+1024,c from t1;
insert into t1 select i+2048,c from t1;
set session tmp_table_size=100000;
set session max_heap_table_size=100000;
Warnings:
Warning	1292	Truncated incorrect max_heap_table_size value: '100000'
Query is OK when there is no limit
show variables like "tmp_table_max_file_size";
Variable_name	Value
tmp_table_max_file_size	0
show session variables like "tmp_table_max_file_size";
Variable_name	Value
tmp_table_max_file_size	0
show global variables like "tmp_table_max_file_size";
Variable_name	Value
tmp_table_max_file_size	0
explain select i, c, count(*) from t1 group by i, c having count(*) > 1;
id	select_type	table	type	possible_keys	key	key_len	ref	rows	Extra
1	SIMPLE	t1	ALL	NULL	NULL	NULL	NULL	4096	Using temporary; Using filesort
select i, c, count(*) from t1 group by i, c having count(*) > 1;
i	c	count(*)
Query fails with a limit after conversion to MyISAM
set session tmp_table_max_file_size=1000000;
show variables like "tmp_table_max_file_size";
Variable_name	Value
tmp_table_max_file_size	1000000
show session variables like "tmp_table_max_file_size";
Variable_name	Value
tmp_table_max_file_size	1000000
show global variables like "tmp_table_max_file_size";
Variable_name	Value
tmp_table_max_file_size	0
select i, c, count(*) from t1 group by i, c having count(*) > 1;
ERROR HY000: Temporary table file is too big
Query fails with a limit on conversion to MyISAM
set session tmp_table_max_file_size=50000;
show variables like "tmp_table_max_file_size";
Variable_name	Value
tmp_table_max_file_size	50000
show session variables like "tmp_table_max_file_size";
Variable_name	Value
tmp_table_max_file_size	50000
show global variables like "tmp_table_max_file_size";
Variable_name	Value
tmp_table_max_file_size	0
select i, c, count(*) from t1 group by i, c having count(*) > 1;
ERROR HY000: Temporary table file is too big
Query is OK when another session has a limit
show variables like "tmp_table_max_file_size";
Variable_name	Value
tmp_table_max_file_size	0
show session variables like "tmp_table_max_file_size";
Variable_name	Value
tmp_table_max_file_size	0
show global variables like "tmp_table_max_file_size";
Variable_name	Value
tmp_table_max_file_size	0
select i, c, count(*) from t1 group by i, c having count(*) > 1;
i	c	count(*)
Query fails on another session with global tmp disk usage limit
set global max_tmp_disk_usage = 1000000;
show variables like "max_tmp_disk_usage";
Variable_name	Value
max_tmp_disk_usage	1000000
select i, c, count(*) from t1 group by i, c having count(*) > 1;
ERROR HY000: Disk usage for temp objects exceeds specified limit
set global max_tmp_disk_usage = 50000;
show variables like "max_tmp_disk_usage";
Variable_name	Value
max_tmp_disk_usage	50000
select i, c, count(*) from t1 group by i, c having count(*) > 1;
ERROR HY000: Disk usage for temp objects exceeds specified limit
Query still fails when session limit is reset due to global tmp disk usage limit
set session tmp_table_max_file_size=0;
show variables like "tmp_table_max_file_size";
Variable_name	Value
tmp_table_max_file_size	0
show session variables like "tmp_table_max_file_size";
Variable_name	Value
tmp_table_max_file_size	0
show global variables like "tmp_table_max_file_size";
Variable_name	Value
tmp_table_max_file_size	0
select i, c, count(*) from t1 group by i, c having count(*) > 1;
ERROR HY000: Disk usage for temp objects exceeds specified limit
Query is OK when global tmp disk usage limit is reset
set global max_tmp_disk_usage = 0;
show variables like "max_tmp_disk_usage";
Variable_name	Value
max_tmp_disk_usage	0
select i, c, count(*) from t1 group by i, c having count(*) > 1;
i	c	count(*)
Query fails when global limit is set after conversion to MyISAM
set global tmp_table_max_file_size=1000000;
show variables like "tmp_table_max_file_size";
Variable_name	Value
tmp_table_max_file_size	1000000
show session variables like "tmp_table_max_file_size";
Variable_name	Value
tmp_table_max_file_size	1000000
show global variables like "tmp_table_max_file_size";
Variable_name	Value
tmp_table_max_file_size	1000000
select i, c, count(*) from t1 group by i, c having count(*) > 1;
ERROR HY000: Temporary table file is too big
Query fails when global limit is set on conversion to MyISAM
set global tmp_table_max_file_size=50000;
show variables like "tmp_table_max_file_size";
Variable_name	Value
tmp_table_max_file_size	50000
show session variables like "tmp_table_max_file_size";
Variable_name	Value
tmp_table_max_file_size	50000
show global variables like "tmp_table_max_file_size";
Variable_name	Value
tmp_table_max_file_size	50000
select i, c, count(*) from t1 group by i, c having count(*) > 1;
ERROR HY000: Temporary table file is too big
set global tmp_table_max_file_size=0;
show session variables like "tmp_table_max_file_size";
Variable_name	Value
tmp_table_max_file_size	50000
show global variables like "tmp_table_max_file_size";
Variable_name	Value
tmp_table_max_file_size	0
Query is OK when individual tmp table and filesort limits are set
set session filesort_max_file_size=2500000;
set session tmp_table_max_file_size=5000000;
show session variables like "filesort_max_file_size";
Variable_name	Value
filesort_max_file_size	2500000
show session variables like "tmp_table_max_file_size";
Variable_name	Value
tmp_table_max_file_size	5000000
select i, c, count(*) from t1 group by i, c order by hex(c) limit 1 offset 4000;
i	c	count(*)
4000	bbbbbbbbbbbbbbbbbbbbbbbbbbbbbbbbbbbbbbbbbbbbbbbbbbbbbbbbbbbbbbbbbbbbbbbbbbbbbbbbbbbbbbbbbbbbbbbbbbbbbbbbbbbbbbbbbbbbbbbbbbbbbbbbbbbbbbbbbbbbbbbbbbbbbbbbbbbbbbbbbbbbbbbbbbbbbbbbbbbbbbbbbbbbbbbbbbbbbbbbbbbbbbbbbbbbbbbbbbbbbbbbbbbbbbbbbbbbbbbbbbbbbbbbba	1
Query fails when global tmp disk usage limit is set to less than the sum of other limits
set global max_tmp_disk_usage=6000000;
show variables like "max_tmp_disk_usage";
Variable_name	Value
max_tmp_disk_usage	6000000
select i, c, count(*) from t1 group by i, c order by hex(c) limit 1 offset 4000;
ERROR HY000: Disk usage for temp objects exceeds specified limit
set global max_tmp_disk_usage=0;
show variables like "max_tmp_disk_usage";
Variable_name	Value
max_tmp_disk_usage	0
drop table t1;
